type,a,a,a,a,a,a,a
1,970456000000,KH-001,10/10/2022,000021352001,0,,
1,970433000000,KH-002,7/10/2018,0000152636001,10000000,,
1,970455555000,KH-003,5/2/2022,000025534557,20000000,,
1,970456000000,KH-004,7/12/2018,000011223344,7500000,,
1,970456666660,KH-005,7/13/2018,000011223345,5000000,,
2,970477770000,KH-006,7/14/2018,000011223346,0,20000000,4/5/2022
2,970458888000,KH-007,7/15/2024,000011223347,1520000,18000000,28/08/2021
2,970499999000,KH-008,2/11/2023,000011223348,5230000,21000000,10/2/2023
2,970452233300,KH-009,2/3/2021,000011223349,1123000,20000000,2/3/2026
2,970454255500,KH-010,7/18/2018,000011223350,1467000,20000000,8/3/2021
2,950453444400,KH-010,7/18/2018,000011223350,1467000,20000000,8/3/2021
2,970456086000,KH-010,7/18/2018,000011223350,1467000,20000000,8/3/2021
2,970455634900,KH-010,7/18/2018,000011223350,-1467000,20000000,8/3/2021
2,970457568000,KH-010,7/18/2018,000011223350,-1467000,20000000,8/3/2021
